sensor_id,timestamp,temperature,humidity,location,sensor_type
1097,2025-04-10 22:26:42,28.17,30.81,BuildingA_Floor2,TypeB
1013,2025-04-07 12:07:26,30.96,56.74,BuildingA_Floor1,TypeB
1036,2025-04-10 06:58:16,31.66,42.73,BuildingA_Floor1,TypeA
1022,2025-04-08 03:21:33,28.48,64.23,BuildingA_Floor2,TypeA
1050,2025-04-07 23:05:17,28.79,71.36,BuildingB_Floor1,TypeB
1005,2025-04-07 19:19:14,27.64,71.42,BuildingB_Floor1,TypeC
1007,2025-04-08 02:07:03,29.52,65.35,BuildingB_Floor1,TypeB
1078,2025-04-08 10:24:42,31.39,46.36,BuildingA_Floor2,TypeB
1087,2025-04-08 21:08:04,24.64,74.61,BuildingB_Floor1,TypeC
1098,2025-04-09 13:36:10,30.09,51.37,BuildingA_Floor2,TypeB
1099,2025-04-07 11:42:26,28.96,77.09,BuildingA_Floor2,TypeB
1096,2025-04-09 20:51:15,25.49,75.33,BuildingB_Floor1,TypeA
1067,2025-04-09 02:24:42,20.96,52.51,BuildingB_Floor1,TypeC
1072,2025-04-07 10:40:51,28.97,48.26,BuildingB_Floor1,TypeB
1018,2025-04-11 01:40:48,30.24,36.85,BuildingB_Floor1,TypeC
1000,2025-04-08 22:31:35,26.94,74.79,BuildingA_Floor1,TypeA
1007,2025-04-11 17:54:58,15.94,63.27,BuildingB_Floor2,TypeB
1053,2025-04-08 07:09:28,19.89,47.84,BuildingB_Floor2,TypeB
1086,2025-04-08 05:46:52,33.72,41.25,BuildingB_Floor1,TypeB
1038,2025-04-08 03:06:04,15.9,76.42,BuildingB_Floor1,TypeC
1017,2025-04-07 22:11:22,24.65,57.39,BuildingB_Floor1,TypeC
1059,2025-04-12 01:29:08,32.01,48.23,BuildingA_Floor2,TypeB
1064,2025-04-11 07:39:48,29.95,49.28,BuildingA_Floor1,TypeA
1098,2025-04-07 15:41:41,33.49,50.14,BuildingB_Floor2,TypeA
1082,2025-04-09 22:27:44,22.63,66.9,BuildingA_Floor2,TypeA
1022,2025-04-07 18:50:46,30.81,40.86,BuildingA_Floor2,TypeA
1063,2025-04-07 14:06:35,26.03,79.18,BuildingA_Floor2,TypeA
1041,2025-04-10 05:10:13,29.81,48.53,BuildingB_Floor2,TypeC
1058,2025-04-07 06:00:36,17.04,38.0,BuildingA_Floor2,TypeB
1048,2025-04-08 10:49:45,29.6,40.93,BuildingA_Floor2,TypeC
1012,2025-04-08 10:01:26,21.5,72.71,BuildingA_Floor1,TypeC
1057,2025-04-09 23:11:12,18.64,42.75,BuildingA_Floor1,TypeC
1034,2025-04-09 04:56:23,25.63,58.29,BuildingB_Floor2,TypeB
1069,2025-04-08 20:07:04,15.65,51.52,BuildingB_Floor1,TypeB
1004,2025-04-08 08:59:38,18.59,62.33,BuildingA_Floor2,TypeB
1080,2025-04-10 08:55:10,16.36,56.26,BuildingB_Floor2,TypeB
1057,2025-04-07 06:41:49,20.75,55.31,BuildingA_Floor1,TypeC
1057,2025-04-07 08:37:18,16.88,41.82,BuildingB_Floor2,TypeB
1020,2025-04-09 04:00:56,32.08,60.62,BuildingB_Floor2,TypeB
1060,2025-04-11 05:18:28,34.44,71.09,BuildingB_Floor2,TypeB
1091,2025-04-10 13:46:06,15.36,64.46,BuildingA_Floor2,TypeA
1003,2025-04-10 18:32:24,16.23,51.85,BuildingA_Floor1,TypeC
1076,2025-04-12 00:56:10,29.98,48.99,BuildingA_Floor1,TypeA
1098,2025-04-11 08:08:19,25.81,53.61,BuildingB_Floor1,TypeA
1095,2025-04-10 12:15:33,28.56,73.61,BuildingA_Floor2,TypeB
1048,2025-04-10 01:34:26,21.9,75.73,BuildingA_Floor2,TypeB
1022,2025-04-08 07:56:11,18.02,72.92,BuildingA_Floor2,TypeB
1047,2025-04-11 15:43:33,27.95,47.34,BuildingA_Floor1,TypeA
1054,2025-04-11 18:08:46,32.41,57.79,BuildingB_Floor2,TypeA
1083,2025-04-08 02:21:42,17.15,70.31,BuildingA_Floor1,TypeA
1088,2025-04-11 01:31:42,18.06,52.74,BuildingB_Floor2,TypeB
1041,2025-04-07 08:00:36,16.23,46.33,BuildingA_Floor2,TypeA
1056,2025-04-09 16:06:12,17.16,68.57,BuildingA_Floor2,TypeB
1000,2025-04-09 09:10:46,22.56,69.69,BuildingA_Floor2,TypeB
1027,2025-04-10 14:21:58,26.57,57.56,BuildingA_Floor2,TypeC
1012,2025-04-10 19:13:35,20.87,65.09,BuildingA_Floor1,TypeC
1099,2025-04-10 14:41:58,28.31,73.47,BuildingB_Floor1,TypeB
1016,2025-04-11 02:35:27,27.19,40.68,BuildingB_Floor2,TypeA
1092,2025-04-11 18:28:10,33.02,63.82,BuildingA_Floor1,TypeC
1058,2025-04-09 05:32:49,29.23,52.39,BuildingA_Floor1,TypeA
1060,2025-04-08 22:33:14,32.03,70.43,BuildingA_Floor1,TypeC
1007,2025-04-11 23:04:39,16.11,32.95,BuildingA_Floor2,TypeC
1087,2025-04-09 10:17:23,32.8,78.89,BuildingA_Floor2,TypeB
1032,2025-04-11 15:39:34,23.76,38.58,BuildingB_Floor2,TypeB
1060,2025-04-08 20:41:48,34.0,77.0,BuildingA_Floor2,TypeC
1077,2025-04-08 12:16:57,31.25,34.08,BuildingB_Floor2,TypeA
1041,2025-04-10 20:23:48,28.53,37.25,BuildingB_Floor1,TypeA
1024,2025-04-10 02:04:56,15.66,77.92,BuildingB_Floor2,TypeA
1078,2025-04-08 19:00:59,24.47,47.26,BuildingA_Floor2,TypeA
1070,2025-04-10 02:53:38,24.43,79.16,BuildingB_Floor2,TypeC
1083,2025-04-07 05:46:42,20.54,64.08,BuildingA_Floor2,TypeC
1056,2025-04-09 04:53:27,30.03,37.12,BuildingA_Floor2,TypeB
1076,2025-04-07 09:06:16,26.41,55.6,BuildingB_Floor1,TypeC
1035,2025-04-10 10:37:22,29.36,46.37,BuildingA_Floor1,TypeB
1045,2025-04-08 16:16:52,28.84,42.17,BuildingA_Floor2,TypeC
1039,2025-04-09 09:49:53,30.76,73.08,BuildingA_Floor1,TypeB
1048,2025-04-11 07:57:31,18.73,63.26,BuildingA_Floor2,TypeA
1067,2025-04-08 07:26:44,17.44,47.9,BuildingA_Floor1,TypeB
1054,2025-04-08 16:21:19,19.53,50.1,BuildingA_Floor2,TypeB
1064,2025-04-10 09:55:55,18.4,49.62,BuildingA_Floor2,TypeB
1058,2025-04-07 04:47:29,23.42,74.51,BuildingA_Floor2,TypeB
1091,2025-04-11 18:05:01,20.44,71.01,BuildingA_Floor1,TypeC
1029,2025-04-11 01:12:19,21.84,71.15,BuildingA_Floor1,TypeA
1021,2025-04-11 12:28:35,24.86,52.59,BuildingA_Floor2,TypeB
1089,2025-04-09 01:18:35,30.16,49.55,BuildingA_Floor2,TypeB
1082,2025-04-11 04:39:00,25.49,36.0,BuildingA_Floor2,TypeA
1015,2025-04-07 11:56:51,19.01,43.35,BuildingA_Floor2,TypeC
1100,2025-04-09 10:00:37,32.93,30.67,BuildingB_Floor1,TypeC
1090,2025-04-09 09:40:21,25.65,44.9,BuildingB_Floor1,TypeB
1045,2025-04-11 16:32:08,31.03,73.49,BuildingB_Floor1,TypeC
1075,2025-04-10 16:53:57,34.55,39.96,BuildingA_Floor1,TypeC
1100,2025-04-10 10:24:24,16.58,79.93,BuildingB_Floor2,TypeC
1069,2025-04-07 06:51:11,27.2,50.48,BuildingB_Floor2,TypeC
1085,2025-04-11 16:53:57,22.82,30.27,BuildingA_Floor2,TypeA
1059,2025-04-09 12:02:43,23.61,47.7,BuildingA_Floor2,TypeA
1059,2025-04-07 15:44:16,31.49,59.14,BuildingB_Floor2,TypeA
1043,2025-04-11 14:26:03,25.91,52.51,BuildingB_Floor1,TypeA
1082,2025-04-08 10:43:58,22.57,52.48,BuildingA_Floor2,TypeB
1056,2025-04-07 23:52:30,34.02,32.63,BuildingB_Floor1,TypeB
1013,2025-04-12 00:36:32,24.3,72.65,BuildingA_Floor1,TypeA
1036,2025-04-12 02:16:47,27.92,53.33,BuildingB_Floor2,TypeA
1025,2025-04-10 04:24:55,25.57,58.79,BuildingA_Floor2,TypeA
1097,2025-04-10 12:01:18,20.88,56.6,BuildingA_Floor1,TypeA
1024,2025-04-10 00:00:38,25.83,48.24,BuildingB_Floor2,TypeC
1021,2025-04-07 05:51:21,33.11,58.71,BuildingB_Floor1,TypeA
1051,2025-04-07 09:28:36,24.79,41.98,BuildingA_Floor1,TypeC
1009,2025-04-07 07:23:06,29.72,69.25,BuildingA_Floor2,TypeB
1029,2025-04-10 03:24:45,31.22,49.79,BuildingB_Floor1,TypeB
1034,2025-04-10 07:28:06,16.11,42.27,BuildingA_Floor2,TypeB
1034,2025-04-09 06:18:27,16.22,31.53,BuildingA_Floor2,TypeB
1005,2025-04-10 04:35:46,29.17,32.49,BuildingB_Floor2,TypeB
1056,2025-04-09 07:43:54,29.17,50.13,BuildingB_Floor2,TypeA
1006,2025-04-07 20:23:03,19.17,53.18,BuildingB_Floor1,TypeA
1050,2025-04-11 23:55:56,33.48,60.07,BuildingA_Floor1,TypeA
1026,2025-04-08 03:45:49,25.44,59.59,BuildingB_Floor2,TypeA
1012,2025-04-11 06:22:10,27.17,54.32,BuildingB_Floor1,TypeC
1057,2025-04-10 08:00:07,31.74,76.35,BuildingB_Floor2,TypeC
1004,2025-04-10 20:55:26,26.55,35.1,BuildingB_Floor1,TypeC
1004,2025-04-11 04:41:58,22.44,50.99,BuildingB_Floor1,TypeB
1024,2025-04-09 23:01:24,26.02,41.32,BuildingB_Floor1,TypeC
1052,2025-04-09 02:40:26,28.82,56.44,BuildingB_Floor2,TypeA
1033,2025-04-11 04:30:43,16.52,77.61,BuildingB_Floor1,TypeC
1057,2025-04-10 01:04:25,24.81,36.9,BuildingA_Floor2,TypeB
1047,2025-04-10 03:41:51,27.35,67.36,BuildingA_Floor1,TypeC
1069,2025-04-10 16:46:47,32.95,58.62,BuildingB_Floor2,TypeC
1074,2025-04-07 22:51:24,30.81,43.86,BuildingA_Floor1,TypeB
1004,2025-04-10 14:23:37,17.11,49.73,BuildingA_Floor1,TypeB
1053,2025-04-11 12:08:25,15.12,74.57,BuildingB_Floor2,TypeA
1085,2025-04-11 21:17:51,30.53,65.88,BuildingA_Floor2,TypeC
1002,2025-04-10 12:56:16,32.2,66.08,BuildingA_Floor1,TypeB
1035,2025-04-07 12:15:13,20.89,73.31,BuildingB_Floor2,TypeA
1038,2025-04-09 01:49:53,29.01,36.33,BuildingA_Floor2,TypeC
1083,2025-04-11 00:44:21,21.64,53.64,BuildingB_Floor1,TypeA
1038,2025-04-07 04:35:53,29.65,70.93,BuildingA_Floor1,TypeA
1065,2025-04-08 00:20:51,30.46,74.13,BuildingA_Floor2,TypeA
1008,2025-04-08 08:20:05,17.21,65.8,BuildingA_Floor2,TypeB
1028,2025-04-10 13:31:56,27.22,31.37,BuildingB_Floor1,TypeB
1038,2025-04-12 00:57:26,21.96,34.55,BuildingA_Floor1,TypeA
1003,2025-04-11 16:53:03,16.85,40.51,BuildingB_Floor2,TypeA
1067,2025-04-09 15:29:54,17.63,30.56,BuildingB_Floor1,TypeB
1089,2025-04-11 00:23:48,19.2,75.19,BuildingA_Floor1,TypeB
1096,2025-04-10 23:37:59,32.41,59.88,BuildingA_Floor1,TypeB
1023,2025-04-07 17:48:40,20.65,60.93,BuildingB_Floor1,TypeC
1043,2025-04-08 03:17:27,19.48,47.28,BuildingA_Floor2,TypeB
1038,2025-04-09 21:45:48,28.02,47.37,BuildingA_Floor2,TypeA
1043,2025-04-09 06:06:59,27.26,57.27,BuildingA_Floor2,TypeA
1027,2025-04-07 08:10:05,15.55,79.95,BuildingA_Floor1,TypeA
1006,2025-04-07 20:49:46,26.99,74.78,BuildingB_Floor1,TypeA
1018,2025-04-09 19:05:24,31.14,54.82,BuildingA_Floor2,TypeB
1046,2025-04-10 05:07:13,17.75,43.54,BuildingA_Floor2,TypeB
1074,2025-04-07 10:13:18,31.13,46.5,BuildingA_Floor1,TypeC
1066,2025-04-07 08:47:40,19.44,41.42,BuildingB_Floor2,TypeC
1006,2025-04-09 01:25:10,29.37,63.93,BuildingB_Floor2,TypeA
1034,2025-04-10 09:05:30,29.05,54.95,BuildingA_Floor2,TypeB
1068,2025-04-10 11:16:05,24.92,46.58,BuildingB_Floor1,TypeB
1006,2025-04-09 23:57:05,23.54,51.36,BuildingB_Floor1,TypeA
1076,2025-04-09 01:05:29,28.97,65.33,BuildingA_Floor1,TypeB
1038,2025-04-08 23:42:33,22.47,44.0,BuildingB_Floor2,TypeA
1089,2025-04-11 22:08:48,27.9,55.43,BuildingA_Floor2,TypeB
1077,2025-04-10 10:38:36,16.56,51.28,BuildingB_Floor1,TypeB
1004,2025-04-10 20:45:33,27.22,68.16,BuildingA_Floor2,TypeA
1018,2025-04-08 07:58:50,25.09,40.63,BuildingA_Floor1,TypeB
1028,2025-04-10 06:14:44,25.9,75.52,BuildingA_Floor2,TypeA
1021,2025-04-10 18:41:05,31.93,70.56,BuildingA_Floor2,TypeB
1037,2025-04-10 00:05:15,18.56,49.47,BuildingA_Floor1,TypeB
1095,2025-04-10 20:56:58,33.73,58.23,BuildingB_Floor2,TypeB
1044,2025-04-10 00:01:35,16.36,33.34,BuildingB_Floor1,TypeA
1059,2025-04-09 04:38:36,27.57,51.37,BuildingA_Floor2,TypeB
1061,2025-04-10 08:30:34,21.09,56.21,BuildingB_Floor2,TypeC
1054,2025-04-10 11:14:03,15.01,77.93,BuildingA_Floor1,TypeB
1033,2025-04-10 03:35:39,30.8,68.36,BuildingA_Floor2,TypeC
1014,2025-04-09 04:06:45,23.46,51.0,BuildingA_Floor1,TypeB
1013,2025-04-08 15:11:30,17.57,62.69,BuildingA_Floor2,TypeC
1100,2025-04-08 05:07:57,25.54,58.35,BuildingA_Floor2,TypeC
1088,2025-04-07 16:08:38,23.5,56.35,BuildingB_Floor1,TypeC
1078,2025-04-07 17:46:14,22.42,76.02,BuildingB_Floor1,TypeC
1027,2025-04-11 14:46:03,15.4,62.45,BuildingB_Floor1,TypeB
1011,2025-04-12 00:49:32,33.24,50.91,BuildingB_Floor2,TypeA
1033,2025-04-10 14:43:17,18.88,63.37,BuildingA_Floor2,TypeB
1013,2025-04-08 19:17:52,22.32,31.9,BuildingB_Floor1,TypeC
1023,2025-04-11 19:56:35,28.42,31.08,BuildingB_Floor1,TypeB
1010,2025-04-11 17:28:13,18.75,54.85,BuildingB_Floor2,TypeA
1084,2025-04-10 04:54:36,29.09,56.13,BuildingB_Floor1,TypeB
1048,2025-04-10 21:33:38,15.26,31.13,BuildingA_Floor1,TypeC
1066,2025-04-10 23:39:40,29.12,79.76,BuildingA_Floor1,TypeB
1014,2025-04-09 19:19:31,33.3,64.87,BuildingA_Floor2,TypeA
1035,2025-04-10 00:02:14,30.02,40.32,BuildingA_Floor2,TypeB
1082,2025-04-07 05:58:05,19.7,54.81,BuildingA_Floor2,TypeA
1009,2025-04-10 07:59:20,16.42,30.09,BuildingB_Floor1,TypeC
1011,2025-04-07 19:16:53,31.22,72.41,BuildingB_Floor2,TypeB
1061,2025-04-10 13:46:41,28.07,33.1,BuildingB_Floor2,TypeC
1071,2025-04-07 14:43:21,32.14,68.79,BuildingA_Floor1,TypeB
1040,2025-04-10 11:29:49,17.71,71.85,BuildingA_Floor2,TypeC
1006,2025-04-11 12:01:42,15.99,61.22,BuildingB_Floor1,TypeB
1098,2025-04-07 17:39:37,30.47,72.12,BuildingB_Floor2,TypeA
1097,2025-04-09 14:14:16,18.39,42.1,BuildingB_Floor1,TypeC
1057,2025-04-08 22:27:03,33.34,60.78,BuildingA_Floor1,TypeB
1047,2025-04-07 23:33:30,31.85,61.04,BuildingA_Floor1,TypeB
1014,2025-04-10 05:49:05,16.09,47.08,BuildingB_Floor2,TypeA
1044,2025-04-09 06:19:43,26.4,50.49,BuildingA_Floor1,TypeB
1010,2025-04-11 18:19:32,20.39,65.79,BuildingA_Floor2,TypeB
1062,2025-04-08 08:54:52,15.57,39.03,BuildingA_Floor2,TypeB
1096,2025-04-09 18:19:50,31.51,49.31,BuildingA_Floor1,TypeA
1079,2025-04-10 06:22:39,27.13,47.14,BuildingA_Floor2,TypeC
1009,2025-04-10 10:22:36,28.02,62.63,BuildingA_Floor2,TypeC
1031,2025-04-10 11:09:15,31.71,42.7,BuildingB_Floor1,TypeC
1011,2025-04-09 11:12:59,22.95,70.93,BuildingB_Floor1,TypeB
1091,2025-04-07 18:19:54,17.31,50.03,BuildingB_Floor2,TypeA
1100,2025-04-07 18:34:11,20.89,47.01,BuildingB_Floor2,TypeC
1061,2025-04-11 04:27:47,20.28,58.35,BuildingA_Floor1,TypeA
1052,2025-04-08 23:15:21,34.42,55.37,BuildingB_Floor2,TypeC
1016,2025-04-08 18:13:35,24.37,77.66,BuildingB_Floor2,TypeB
1036,2025-04-10 08:35:25,32.11,77.59,BuildingA_Floor1,TypeA
1062,2025-04-09 00:55:20,22.45,63.37,BuildingA_Floor1,TypeC
1028,2025-04-09 11:41:41,32.11,31.95,BuildingB_Floor2,TypeB
1099,2025-04-09 15:26:13,17.54,40.6,BuildingA_Floor2,TypeA
1050,2025-04-10 00:14:40,31.46,50.17,BuildingA_Floor2,TypeC
1089,2025-04-09 07:20:18,25.77,52.47,BuildingA_Floor1,TypeA
1070,2025-04-11 00:55:35,22.74,51.42,BuildingA_Floor2,TypeB
1060,2025-04-09 08:22:45,21.26,37.68,BuildingA_Floor1,TypeC
1047,2025-04-11 14:23:01,31.94,61.73,BuildingA_Floor1,TypeC
1047,2025-04-08 23:33:04,30.7,48.09,BuildingB_Floor2,TypeA
1064,2025-04-07 23:51:52,24.45,62.76,BuildingB_Floor1,TypeC
1054,2025-04-11 15:10:54,31.9,34.74,BuildingA_Floor1,TypeC
1083,2025-04-11 03:58:24,24.11,60.87,BuildingB_Floor1,TypeC
1049,2025-04-11 22:07:03,16.88,55.1,BuildingB_Floor2,TypeA
1066,2025-04-11 13:38:48,23.88,71.75,BuildingB_Floor2,TypeB
1056,2025-04-08 00:27:01,33.61,34.69,BuildingA_Floor2,TypeC
1048,2025-04-10 08:34:30,18.62,39.53,BuildingA_Floor1,TypeA
1029,2025-04-11 21:02:38,32.46,43.71,BuildingB_Floor1,TypeB
1003,2025-04-09 17:12:49,16.88,30.39,BuildingB_Floor1,TypeC
1074,2025-04-11 14:34:54,25.58,75.24,BuildingB_Floor1,TypeA
1008,2025-04-08 18:53:32,29.44,70.68,BuildingB_Floor1,TypeA
1058,2025-04-07 11:36:54,20.93,73.78,BuildingB_Floor2,TypeB
1094,2025-04-10 14:19:32,24.28,42.09,BuildingA_Floor2,TypeC
1100,2025-04-09 00:13:38,30.66,58.82,BuildingA_Floor2,TypeA
1007,2025-04-11 03:05:22,23.54,39.56,BuildingA_Floor1,TypeA
1045,2025-04-10 11:03:49,30.55,39.17,BuildingB_Floor1,TypeA
1070,2025-04-11 17:21:59,17.14,38.57,BuildingB_Floor2,TypeB
1038,2025-04-08 13:47:28,32.25,72.08,BuildingA_Floor1,TypeB
1091,2025-04-10 02:17:20,31.59,43.87,BuildingB_Floor1,TypeC
1099,2025-04-07 04:31:31,33.82,53.57,BuildingB_Floor2,TypeB
1018,2025-04-08 20:24:23,31.76,33.79,BuildingA_Floor2,TypeA
1098,2025-04-09 19:50:22,20.21,70.29,BuildingA_Floor1,TypeB
1022,2025-04-10 22:07:13,23.92,61.04,BuildingB_Floor1,TypeC
1047,2025-04-09 15:28:00,28.35,43.3,BuildingB_Floor1,TypeB
1028,2025-04-08 15:41:44,31.96,35.13,BuildingA_Floor2,TypeB
1035,2025-04-11 19:57:13,17.21,46.2,BuildingB_Floor1,TypeA
1073,2025-04-10 22:14:18,25.99,36.2,BuildingB_Floor2,TypeC
1078,2025-04-09 19:11:57,15.76,31.26,BuildingB_Floor1,TypeC
1057,2025-04-08 00:51:29,25.16,64.98,BuildingB_Floor2,TypeC
1009,2025-04-08 16:53:42,18.81,71.92,BuildingA_Floor1,TypeB
1063,2025-04-10 10:50:39,24.24,71.31,BuildingA_Floor2,TypeB
1071,2025-04-09 16:42:13,16.96,30.01,BuildingB_Floor1,TypeA
1083,2025-04-10 19:42:20,23.64,75.23,BuildingA_Floor1,TypeC
1091,2025-04-08 13:22:55,28.98,58.64,BuildingA_Floor2,TypeB
1007,2025-04-07 12:57:21,28.4,54.83,BuildingB_Floor2,TypeB
1080,2025-04-11 21:15:36,22.58,79.66,BuildingB_Floor1,TypeC
1014,2025-04-11 18:41:27,16.54,49.45,BuildingA_Floor1,TypeA
1027,2025-04-09 16:12:24,15.38,70.91,BuildingB_Floor2,TypeC
1006,2025-04-10 21:23:09,25.38,70.59,BuildingA_Floor1,TypeB
1051,2025-04-10 13:25:08,20.84,68.89,BuildingB_Floor2,TypeB
1034,2025-04-09 10:16:57,16.22,50.02,BuildingA_Floor1,TypeB
1076,2025-04-10 13:33:33,16.05,34.41,BuildingA_Floor1,TypeB
1065,2025-04-10 05:45:03,27.41,48.26,BuildingA_Floor2,TypeB
1063,2025-04-08 08:06:05,34.77,72.89,BuildingA_Floor1,TypeB
1075,2025-04-09 11:06:20,19.11,50.6,BuildingA_Floor1,TypeC
1022,2025-04-08 07:47:49,18.5,32.47,BuildingA_Floor1,TypeB
1028,2025-04-07 13:18:35,15.12,66.61,BuildingA_Floor1,TypeC
1055,2025-04-11 08:52:10,27.86,76.32,BuildingB_Floor2,TypeB
1046,2025-04-11 05:22:51,17.56,75.61,BuildingA_Floor2,TypeA
1073,2025-04-09 21:03:22,24.29,70.52,BuildingA_Floor2,TypeB
1060,2025-04-10 12:02:25,24.44,65.64,BuildingB_Floor1,TypeC
1060,2025-04-08 11:15:48,16.35,50.4,BuildingA_Floor2,TypeC
1067,2025-04-11 16:53:08,19.48,56.29,BuildingA_Floor2,TypeB
1080,2025-04-09 13:41:56,16.54,44.37,BuildingB_Floor1,TypeC
1057,2025-04-07 18:26:08,31.55,40.49,BuildingA_Floor2,TypeA
1031,2025-04-11 07:11:25,31.47,60.98,BuildingB_Floor2,TypeA
1073,2025-04-11 07:14:28,22.4,66.08,BuildingA_Floor2,TypeB
1094,2025-04-09 11:16:08,20.11,42.79,BuildingB_Floor1,TypeB
1052,2025-04-09 05:01:44,21.4,47.44,BuildingA_Floor2,TypeB
1041,2025-04-08 03:54:59,27.33,48.21,BuildingB_Floor2,TypeB
1096,2025-04-09 22:04:44,30.11,44.9,BuildingA_Floor1,TypeA
1076,2025-04-10 21:08:46,19.53,38.53,BuildingA_Floor2,TypeA
1025,2025-04-09 23:04:10,34.38,33.53,BuildingA_Floor1,TypeB
1016,2025-04-11 11:23:35,19.87,77.57,BuildingB_Floor1,TypeB
1015,2025-04-11 19:45:00,30.2,61.84,BuildingB_Floor2,TypeC
1080,2025-04-09 14:22:36,26.92,37.2,BuildingA_Floor1,TypeA
1046,2025-04-11 00:39:20,29.31,31.17,BuildingB_Floor1,TypeC
1029,2025-04-10 20:59:09,21.67,70.32,BuildingB_Floor2,TypeA
1078,2025-04-09 16:40:37,22.61,70.24,BuildingB_Floor2,TypeC
1099,2025-04-10 23:24:46,28.79,36.75,BuildingB_Floor2,TypeC
1014,2025-04-09 06:43:33,24.34,61.11,BuildingB_Floor1,TypeA
1044,2025-04-10 05:03:21,26.08,66.28,BuildingA_Floor1,TypeA
1010,2025-04-08 06:30:10,28.89,32.42,BuildingB_Floor1,TypeA
1004,2025-04-07 08:39:42,23.98,63.91,BuildingA_Floor1,TypeB
1023,2025-04-07 06:40:34,27.83,50.6,BuildingB_Floor2,TypeC
1083,2025-04-07 22:52:44,19.56,45.53,BuildingA_Floor2,TypeB
1049,2025-04-09 15:14:21,33.9,45.56,BuildingB_Floor1,TypeB
1075,2025-04-09 01:22:47,32.35,76.88,BuildingB_Floor2,TypeC
1027,2025-04-10 07:09:47,25.89,33.31,BuildingA_Floor2,TypeB
1011,2025-04-07 07:01:31,15.42,63.05,BuildingA_Floor1,TypeC
1085,2025-04-11 03:46:07,18.83,61.14,BuildingA_Floor1,TypeB
1034,2025-04-11 07:05:20,25.2,52.93,BuildingA_Floor1,TypeB
1073,2025-04-09 07:38:32,33.12,78.89,BuildingA_Floor1,TypeC
1092,2025-04-11 02:23:41,25.11,79.8,BuildingA_Floor2,TypeC
1034,2025-04-07 14:40:07,19.95,38.95,BuildingA_Floor1,TypeB
1096,2025-04-07 07:45:28,34.18,56.81,BuildingA_Floor2,TypeC
1099,2025-04-07 11:36:33,31.71,66.81,BuildingB_Floor1,TypeB
1018,2025-04-08 08:16:53,31.33,42.32,BuildingB_Floor1,TypeB
1038,2025-04-11 02:58:10,22.03,71.75,BuildingB_Floor2,TypeB
1022,2025-04-11 21:22:36,24.5,41.25,BuildingB_Floor2,TypeB
1072,2025-04-11 01:06:18,17.52,68.46,BuildingA_Floor1,TypeA
1008,2025-04-10 02:36:00,27.91,57.53,BuildingA_Floor1,TypeA
1062,2025-04-08 19:29:28,15.18,32.73,BuildingA_Floor2,TypeC
1021,2025-04-08 07:46:45,23.4,41.0,BuildingB_Floor1,TypeA
1031,2025-04-09 06:46:19,32.48,65.46,BuildingA_Floor2,TypeC
1078,2025-04-10 05:09:19,27.86,35.41,BuildingB_Floor2,TypeB
1035,2025-04-08 17:11:28,34.0,65.55,BuildingA_Floor1,TypeB
1037,2025-04-09 01:12:18,30.76,69.4,BuildingA_Floor1,TypeB
1047,2025-04-08 20:31:36,30.71,45.28,BuildingA_Floor1,TypeB
1057,2025-04-09 13:18:47,28.74,30.6,BuildingB_Floor1,TypeC
1004,2025-04-08 23:35:01,24.24,62.29,BuildingB_Floor1,TypeC
1098,2025-04-10 01:00:27,32.16,74.21,BuildingA_Floor2,TypeC
1085,2025-04-11 06:36:26,29.62,52.74,BuildingA_Floor1,TypeA
1059,2025-04-09 09:09:51,25.34,74.08,BuildingB_Floor2,TypeA
1068,2025-04-09 01:19:50,31.29,66.51,BuildingA_Floor1,TypeA
1094,2025-04-09 17:44:00,26.85,59.3,BuildingA_Floor2,TypeC
1098,2025-04-09 16:02:39,25.31,60.62,BuildingB_Floor1,TypeC
1069,2025-04-07 09:47:16,16.44,69.78,BuildingA_Floor1,TypeB
1074,2025-04-09 04:47:30,22.12,61.81,BuildingA_Floor1,TypeB
1016,2025-04-11 07:10:50,20.65,69.72,BuildingB_Floor1,TypeC
1040,2025-04-12 01:55:24,22.67,67.74,BuildingA_Floor2,TypeA
1054,2025-04-10 17:19:50,31.17,63.21,BuildingA_Floor1,TypeC
1028,2025-04-11 13:10:48,28.4,46.68,BuildingA_Floor2,TypeA
1036,2025-04-07 23:41:18,17.3,32.61,BuildingB_Floor2,TypeC
1002,2025-04-07 10:47:22,25.69,60.79,BuildingA_Floor1,TypeA
1013,2025-04-07 03:12:28,32.0,46.82,BuildingB_Floor2,TypeB
1041,2025-04-11 17:03:15,34.97,50.22,BuildingB_Floor1,TypeA
1063,2025-04-10 22:33:49,18.52,47.66,BuildingB_Floor1,TypeB
1096,2025-04-08 23:16:18,32.04,62.6,BuildingA_Floor1,TypeB
1037,2025-04-07 18:53:32,21.25,56.59,BuildingA_Floor2,TypeC
1042,2025-04-07 11:54:55,23.13,78.7,BuildingB_Floor1,TypeA
1041,2025-04-09 23:01:08,33.52,75.13,BuildingA_Floor2,TypeA
1097,2025-04-07 20:42:14,33.54,68.28,BuildingA_Floor2,TypeA
1051,2025-04-10 07:43:29,30.57,41.98,BuildingB_Floor1,TypeC
1024,2025-04-12 02:07:07,23.66,31.75,BuildingA_Floor1,TypeA
1047,2025-04-07 11:57:07,32.43,40.42,BuildingB_Floor2,TypeB
1042,2025-04-09 10:38:45,31.6,69.57,BuildingB_Floor1,TypeC
1015,2025-04-10 02:24:12,26.59,50.84,BuildingA_Floor2,TypeA
1059,2025-04-08 08:47:33,28.99,69.63,BuildingB_Floor1,TypeC
1039,2025-04-07 17:33:50,26.31,58.61,BuildingA_Floor1,TypeC
1012,2025-04-11 10:52:35,31.94,74.56,BuildingB_Floor1,TypeA
1053,2025-04-11 01:16:41,23.96,44.39,BuildingB_Floor1,TypeB
1068,2025-04-08 20:54:21,34.85,64.64,BuildingA_Floor2,TypeC
1005,2025-04-08 01:52:52,20.7,54.17,BuildingA_Floor1,TypeB
1073,2025-04-11 04:23:49,33.71,48.13,BuildingA_Floor2,TypeB
1074,2025-04-09 16:13:39,28.74,69.42,BuildingB_Floor2,TypeB
1066,2025-04-08 17:27:32,17.05,49.39,BuildingB_Floor1,TypeC
1100,2025-04-07 02:53:42,18.37,35.58,BuildingA_Floor2,TypeC
1010,2025-04-09 18:05:54,33.14,58.71,BuildingB_Floor1,TypeC
1076,2025-04-07 21:51:16,29.21,43.35,BuildingB_Floor1,TypeA
1058,2025-04-09 13:05:52,29.01,49.09,BuildingA_Floor1,TypeB
1005,2025-04-11 19:04:52,17.05,47.12,BuildingA_Floor1,TypeC
1097,2025-04-09 06:02:21,15.62,62.53,BuildingB_Floor1,TypeB
1032,2025-04-09 04:54:25,25.05,35.24,BuildingB_Floor1,TypeC
1089,2025-04-11 06:27:00,34.68,47.46,BuildingA_Floor2,TypeA
1093,2025-04-09 02:40:02,15.24,63.23,BuildingB_Floor2,TypeB
1060,2025-04-09 18:54:33,21.74,63.32,BuildingB_Floor1,TypeA
1050,2025-04-11 05:26:10,16.26,58.82,BuildingA_Floor1,TypeC
1091,2025-04-11 21:12:38,18.9,65.63,BuildingA_Floor2,TypeB
1074,2025-04-11 18:46:06,24.36,30.62,BuildingA_Floor2,TypeB
1040,2025-04-07 06:09:50,15.94,43.34,BuildingA_Floor2,TypeC
1039,2025-04-08 19:30:50,27.09,48.92,BuildingA_Floor2,TypeC
1093,2025-04-07 17:23:27,19.6,73.78,BuildingB_Floor2,TypeB
1035,2025-04-10 01:14:53,28.6,32.75,BuildingA_Floor2,TypeB
1003,2025-04-10 07:34:14,15.02,39.78,BuildingB_Floor1,TypeB
1032,2025-04-09 23:40:03,30.98,71.82,BuildingB_Floor1,TypeB
1014,2025-04-09 18:43:14,33.11,48.54,BuildingB_Floor2,TypeB
1055,2025-04-09 21:21:54,29.77,53.98,BuildingA_Floor1,TypeB
1018,2025-04-11 09:28:46,34.1,76.95,BuildingA_Floor1,TypeB
1008,2025-04-10 08:02:54,24.82,58.17,BuildingA_Floor1,TypeC
1053,2025-04-11 01:40:22,17.65,79.54,BuildingB_Floor1,TypeA
1071,2025-04-11 13:43:41,25.69,68.7,BuildingB_Floor1,TypeB
1097,2025-04-10 09:23:46,31.24,46.82,BuildingA_Floor2,TypeB
1064,2025-04-11 13:29:14,24.46,59.54,BuildingA_Floor2,TypeC
1000,2025-04-10 06:16:26,16.91,53.6,BuildingA_Floor2,TypeB
1014,2025-04-09 05:57:21,24.3,67.47,BuildingB_Floor1,TypeC
1052,2025-04-11 11:11:31,17.76,51.67,BuildingB_Floor2,TypeA
1016,2025-04-11 04:35:39,30.63,59.69,BuildingB_Floor1,TypeC
1033,2025-04-11 13:45:25,19.99,45.54,BuildingB_Floor1,TypeA
1015,2025-04-09 01:05:00,30.81,35.7,BuildingB_Floor1,TypeB
1057,2025-04-09 12:13:18,28.51,43.19,BuildingA_Floor2,TypeC
1097,2025-04-10 02:41:58,27.92,47.24,BuildingA_Floor1,TypeB
1061,2025-04-08 02:55:09,34.7,62.74,BuildingA_Floor2,TypeB
1046,2025-04-09 00:58:28,17.42,79.11,BuildingB_Floor2,TypeC
1074,2025-04-07 21:07:09,30.45,50.8,BuildingB_Floor2,TypeC
1003,2025-04-10 04:13:12,19.0,52.78,BuildingB_Floor1,TypeA
1091,2025-04-09 01:14:04,16.01,74.33,BuildingB_Floor1,TypeC
1020,2025-04-11 16:20:16,27.31,47.35,BuildingA_Floor2,TypeA
1064,2025-04-08 04:42:46,33.71,39.7,BuildingB_Floor2,TypeC
1067,2025-04-10 16:09:53,18.66,58.85,BuildingB_Floor2,TypeC
1064,2025-04-10 15:49:14,23.96,63.64,BuildingB_Floor1,TypeC
1075,2025-04-09 07:55:47,15.84,69.39,BuildingA_Floor2,TypeA
1020,2025-04-08 04:49:53,15.19,33.64,BuildingB_Floor2,TypeB
1091,2025-04-10 15:04:59,34.04,64.56,BuildingB_Floor2,TypeA
1099,2025-04-10 06:17:13,17.76,58.67,BuildingA_Floor2,TypeA
1035,2025-04-07 07:12:23,21.88,36.96,BuildingA_Floor1,TypeC
1022,2025-04-07 20:27:25,34.36,52.85,BuildingB_Floor2,TypeA
1081,2025-04-12 00:26:20,23.69,66.05,BuildingB_Floor2,TypeA
1066,2025-04-11 12:53:27,21.01,47.09,BuildingB_Floor2,TypeA
1025,2025-04-10 17:08:44,23.64,51.47,BuildingB_Floor2,TypeB
1052,2025-04-09 19:34:50,27.36,56.48,BuildingA_Floor1,TypeC
1065,2025-04-11 02:22:16,15.55,49.19,BuildingA_Floor2,TypeA
1056,2025-04-07 16:46:16,19.85,77.28,BuildingB_Floor2,TypeB
1042,2025-04-07 07:52:39,17.3,45.26,BuildingA_Floor2,TypeA
1082,2025-04-11 05:51:41,27.86,63.98,BuildingA_Floor1,TypeC
1086,2025-04-09 17:29:38,28.27,72.0,BuildingA_Floor2,TypeA
1017,2025-04-07 17:15:20,22.86,37.92,BuildingB_Floor1,TypeC
1097,2025-04-10 23:47:19,19.86,40.7,BuildingA_Floor1,TypeA
1001,2025-04-08 18:50:14,33.64,57.87,BuildingB_Floor2,TypeC
1053,2025-04-09 13:32:47,19.99,49.51,BuildingA_Floor1,TypeB
1074,2025-04-10 21:02:10,15.12,50.33,BuildingA_Floor2,TypeA
1040,2025-04-07 13:03:29,18.51,77.45,BuildingA_Floor1,TypeC
1071,2025-04-09 23:36:25,20.21,44.61,BuildingA_Floor1,TypeA
1020,2025-04-11 18:12:38,32.71,35.65,BuildingB_Floor2,TypeC
1061,2025-04-08 00:35:42,18.29,39.24,BuildingB_Floor2,TypeA
1043,2025-04-10 20:05:49,21.5,77.13,BuildingB_Floor2,TypeA
1099,2025-04-07 03:23:09,26.89,38.5,BuildingA_Floor2,TypeC
1040,2025-04-07 11:07:31,33.5,55.33,BuildingB_Floor2,TypeB
1008,2025-04-08 09:35:56,32.89,76.63,BuildingB_Floor2,TypeC
1034,2025-04-09 06:40:34,23.99,37.31,BuildingA_Floor1,TypeC
1082,2025-04-10 04:51:09,23.81,42.44,BuildingB_Floor1,TypeB
1051,2025-04-07 04:37:15,18.56,76.75,BuildingB_Floor1,TypeC
1100,2025-04-07 06:30:45,23.78,50.37,BuildingA_Floor1,TypeB
1034,2025-04-09 12:30:24,28.05,64.71,BuildingB_Floor1,TypeB
1010,2025-04-07 03:57:00,15.07,60.13,BuildingB_Floor2,TypeA
1000,2025-04-07 05:42:57,17.42,56.66,BuildingB_Floor1,TypeB
1100,2025-04-08 14:37:46,18.45,46.33,BuildingB_Floor1,TypeA
1005,2025-04-09 09:12:39,25.3,79.93,BuildingA_Floor2,TypeC
1017,2025-04-09 02:07:04,30.01,49.66,BuildingB_Floor1,TypeA
1056,2025-04-07 08:48:47,19.17,62.38,BuildingA_Floor1,TypeC
1085,2025-04-09 10:20:35,15.93,75.68,BuildingA_Floor2,TypeB
1060,2025-04-08 21:13:10,19.57,68.22,BuildingA_Floor1,TypeC
1047,2025-04-09 22:12:59,24.95,39.37,BuildingA_Floor1,TypeC
1071,2025-04-07 18:50:32,20.38,59.02,BuildingB_Floor1,TypeC
1094,2025-04-12 02:35:15,17.22,54.96,BuildingB_Floor2,TypeB
1053,2025-04-09 22:19:06,24.15,48.77,BuildingB_Floor2,TypeB
1050,2025-04-08 06:53:31,20.73,54.95,BuildingB_Floor2,TypeA
1004,2025-04-11 07:31:09,19.62,64.35,BuildingB_Floor2,TypeC
1064,2025-04-11 05:02:30,26.21,78.62,BuildingA_Floor2,TypeB
1073,2025-04-11 23:41:55,25.38,62.91,BuildingB_Floor2,TypeC
1087,2025-04-08 10:02:14,33.64,43.39,BuildingB_Floor1,TypeC
1099,2025-04-10 12:55:06,33.69,33.59,BuildingB_Floor2,TypeB
1037,2025-04-09 15:50:35,17.82,54.84,BuildingB_Floor2,TypeC
1099,2025-04-11 02:05:10,25.23,42.82,BuildingA_Floor1,TypeB
1098,2025-04-09 21:44:26,24.33,66.29,BuildingB_Floor1,TypeC
1026,2025-04-11 13:42:28,32.25,41.32,BuildingB_Floor2,TypeB
1005,2025-04-07 07:48:26,19.55,72.67,BuildingA_Floor2,TypeA
1020,2025-04-08 04:33:10,27.87,79.82,BuildingA_Floor1,TypeC
1028,2025-04-09 15:55:53,23.25,55.17,BuildingB_Floor1,TypeB
1041,2025-04-11 17:50:01,18.22,38.13,BuildingA_Floor1,TypeA
1079,2025-04-09 11:48:09,31.57,43.91,BuildingB_Floor2,TypeC
1055,2025-04-10 23:02:00,31.76,53.91,BuildingB_Floor1,TypeB
1097,2025-04-09 05:00:58,30.81,63.01,BuildingA_Floor2,TypeB
1079,2025-04-08 12:24:10,19.93,77.3,BuildingA_Floor2,TypeA
1047,2025-04-07 20:04:56,23.4,54.69,BuildingA_Floor1,TypeC
1047,2025-04-09 00:25:04,23.77,66.09,BuildingA_Floor1,TypeA
1036,2025-04-09 14:50:55,15.52,36.86,BuildingB_Floor1,TypeB
1060,2025-04-11 17:39:39,29.85,38.72,BuildingB_Floor2,TypeA
1005,2025-04-08 17:44:43,30.64,69.34,BuildingB_Floor1,TypeB
1070,2025-04-09 03:00:41,19.48,61.56,BuildingA_Floor2,TypeA
1085,2025-04-11 11:11:14,29.73,37.01,BuildingA_Floor1,TypeC
1035,2025-04-07 03:15:12,29.8,70.43,BuildingA_Floor1,TypeA
1024,2025-04-08 02:18:16,25.47,61.0,BuildingA_Floor2,TypeC
1009,2025-04-11 17:24:24,27.53,53.04,BuildingA_Floor1,TypeB
1018,2025-04-08 20:16:39,19.16,63.73,BuildingB_Floor2,TypeC
1018,2025-04-10 17:24:46,21.01,63.65,BuildingA_Floor1,TypeA
1022,2025-04-07 15:01:56,28.24,63.66,BuildingA_Floor1,TypeA
1082,2025-04-09 21:49:35,22.29,77.93,BuildingA_Floor2,TypeA
1055,2025-04-08 23:16:33,22.57,49.08,BuildingB_Floor2,TypeC
1099,2025-04-11 19:55:03,22.33,56.34,BuildingA_Floor2,TypeC
1029,2025-04-08 01:34:14,15.2,67.13,BuildingA_Floor2,TypeB
1020,2025-04-07 11:28:20,17.42,43.87,BuildingB_Floor1,TypeA
1088,2025-04-10 00:23:53,20.09,74.0,BuildingB_Floor1,TypeC
1066,2025-04-08 17:51:32,15.35,42.08,BuildingB_Floor1,TypeC
1003,2025-04-10 00:51:05,24.96,51.8,BuildingB_Floor2,TypeC
1042,2025-04-08 13:10:40,32.49,50.54,BuildingA_Floor2,TypeB
1039,2025-04-09 18:36:26,27.61,68.52,BuildingA_Floor2,TypeB
1046,2025-04-10 11:59:59,20.89,67.92,BuildingB_Floor1,TypeB
1064,2025-04-08 23:05:48,32.19,73.04,BuildingB_Floor1,TypeC
1047,2025-04-10 18:58:37,20.95,69.0,BuildingA_Floor2,TypeA
1061,2025-04-10 22:19:09,16.68,57.0,BuildingB_Floor1,TypeC
1002,2025-04-10 09:46:16,23.92,33.63,BuildingB_Floor2,TypeB
1011,2025-04-10 11:33:49,21.57,31.19,BuildingB_Floor2,TypeC
1002,2025-04-11 00:38:24,23.4,41.68,BuildingB_Floor2,TypeA
1095,2025-04-09 03:56:41,27.75,74.67,BuildingA_Floor1,TypeC
1031,2025-04-09 13:48:00,22.51,78.69,BuildingA_Floor1,TypeC
1097,2025-04-08 12:36:51,32.57,32.97,BuildingB_Floor1,TypeC
1056,2025-04-11 16:21:41,28.12,48.6,BuildingB_Floor2,TypeA
1008,2025-04-09 00:27:28,15.38,77.52,BuildingA_Floor1,TypeC
1092,2025-04-08 14:00:30,18.57,38.09,BuildingA_Floor1,TypeA
1050,2025-04-11 23:09:26,19.73,57.92,BuildingA_Floor1,TypeC
1022,2025-04-08 18:00:51,18.68,53.3,BuildingB_Floor2,TypeB
1069,2025-04-10 18:41:16,22.19,68.4,BuildingB_Floor2,TypeC
1078,2025-04-09 02:57:07,21.91,50.74,BuildingB_Floor2,TypeB
1072,2025-04-10 22:20:46,27.11,56.07,BuildingA_Floor2,TypeB
1073,2025-04-10 03:43:03,34.21,54.92,BuildingA_Floor1,TypeB
1063,2025-04-11 14:03:27,16.66,64.63,BuildingB_Floor2,TypeA
1076,2025-04-09 02:34:33,27.48,71.18,BuildingB_Floor2,TypeC
1059,2025-04-11 02:14:04,19.12,76.36,BuildingA_Floor1,TypeA
1015,2025-04-09 01:53:06,31.73,42.06,BuildingB_Floor2,TypeB
1015,2025-04-11 14:35:56,33.24,75.74,BuildingB_Floor2,TypeB
1060,2025-04-11 07:21:08,33.04,52.96,BuildingB_Floor1,TypeC
1052,2025-04-10 12:50:45,18.52,67.84,BuildingB_Floor2,TypeB
1032,2025-04-10 10:17:45,34.54,56.56,BuildingA_Floor1,TypeC
1094,2025-04-08 16:23:47,28.3,32.68,BuildingB_Floor2,TypeA
1022,2025-04-10 16:15:34,18.19,42.73,BuildingB_Floor2,TypeA
1022,2025-04-08 05:09:19,21.76,65.37,BuildingB_Floor1,TypeB
1049,2025-04-10 03:31:15,20.84,78.0,BuildingB_Floor1,TypeA
1085,2025-04-07 07:34:58,25.18,36.94,BuildingB_Floor2,TypeB
1017,2025-04-08 11:52:38,32.85,64.13,BuildingA_Floor1,TypeC
1005,2025-04-08 16:02:48,18.67,70.54,BuildingB_Floor1,TypeA
1043,2025-04-10 03:34:34,25.91,30.68,BuildingA_Floor2,TypeC
1007,2025-04-11 11:05:36,25.84,56.52,BuildingA_Floor1,TypeC
1051,2025-04-08 16:48:11,28.25,66.87,BuildingB_Floor1,TypeC
1031,2025-04-08 09:52:29,17.51,31.6,BuildingB_Floor2,TypeA
1021,2025-04-10 02:03:37,20.06,33.83,BuildingB_Floor2,TypeA
1014,2025-04-09 08:15:43,15.25,43.06,BuildingB_Floor2,TypeA
1068,2025-04-12 01:52:00,22.66,38.74,BuildingA_Floor1,TypeB
1074,2025-04-07 13:17:14,22.73,52.83,BuildingB_Floor2,TypeB
1071,2025-04-10 18:02:38,24.88,73.71,BuildingB_Floor1,TypeC
1078,2025-04-07 12:50:22,28.04,30.39,BuildingB_Floor2,TypeB
1023,2025-04-11 14:19:49,21.89,30.71,BuildingB_Floor2,TypeC
1097,2025-04-09 05:22:23,19.43,72.63,BuildingB_Floor2,TypeA
1046,2025-04-09 18:18:27,21.21,70.27,BuildingA_Floor1,TypeC
1071,2025-04-07 19:17:38,28.91,65.42,BuildingB_Floor1,TypeA
1069,2025-04-10 20:53:00,22.85,48.28,BuildingA_Floor2,TypeA
1057,2025-04-10 01:36:43,25.6,32.26,BuildingA_Floor2,TypeA
1044,2025-04-08 06:40:20,33.1,41.33,BuildingB_Floor1,TypeC
1004,2025-04-07 22:32:23,22.81,38.02,BuildingB_Floor1,TypeA
1080,2025-04-07 17:26:47,30.19,36.19,BuildingA_Floor2,TypeB
1016,2025-04-09 01:11:10,24.16,54.49,BuildingA_Floor2,TypeC
1053,2025-04-11 07:31:00,22.79,63.88,BuildingA_Floor1,TypeC
1018,2025-04-08 04:55:45,19.26,53.33,BuildingA_Floor2,TypeA
1087,2025-04-07 15:47:13,29.83,79.96,BuildingB_Floor2,TypeA
1014,2025-04-11 18:43:48,28.3,48.01,BuildingB_Floor1,TypeA
1059,2025-04-11 18:52:12,19.01,38.37,BuildingA_Floor2,TypeB
1067,2025-04-10 20:33:12,16.96,71.95,BuildingA_Floor1,TypeC
1034,2025-04-09 02:52:33,32.39,34.3,BuildingB_Floor1,TypeC
1039,2025-04-08 08:56:41,18.21,79.0,BuildingA_Floor1,TypeB
1059,2025-04-07 21:43:23,34.75,49.23,BuildingB_Floor2,TypeC
1063,2025-04-08 18:28:33,17.4,53.58,BuildingB_Floor2,TypeC
1075,2025-04-11 05:50:10,21.16,77.53,BuildingA_Floor1,TypeA
1011,2025-04-07 05:07:29,16.85,79.0,BuildingB_Floor1,TypeA
1069,2025-04-08 09:23:57,27.41,75.26,BuildingB_Floor2,TypeA
1090,2025-04-10 09:39:05,21.15,76.89,BuildingB_Floor1,TypeA
1042,2025-04-09 07:08:00,28.23,56.23,BuildingA_Floor2,TypeC
1082,2025-04-10 01:51:51,23.78,70.89,BuildingA_Floor1,TypeB
1090,2025-04-08 18:13:16,17.6,78.44,BuildingB_Floor1,TypeA
1094,2025-04-09 19:35:17,28.11,79.5,BuildingB_Floor1,TypeA
1035,2025-04-10 12:22:24,27.8,65.93,BuildingB_Floor1,TypeB
1061,2025-04-10 13:16:04,32.49,58.3,BuildingA_Floor2,TypeC
1069,2025-04-07 11:51:06,27.74,68.98,BuildingB_Floor2,TypeA
1097,2025-04-08 14:22:09,32.39,47.4,BuildingA_Floor1,TypeA
1055,2025-04-11 04:52:27,27.78,35.77,BuildingB_Floor2,TypeA
1084,2025-04-07 23:41:38,29.35,79.14,BuildingA_Floor1,TypeC
1038,2025-04-10 13:16:16,21.25,42.89,BuildingA_Floor2,TypeB
1014,2025-04-11 07:13:10,18.97,75.22,BuildingB_Floor2,TypeA
1015,2025-04-10 13:24:35,32.68,61.27,BuildingA_Floor1,TypeC
1058,2025-04-08 19:31:16,19.46,67.49,BuildingA_Floor1,TypeA
1055,2025-04-09 01:10:08,20.29,72.49,BuildingA_Floor1,TypeC
1055,2025-04-07 19:23:25,15.32,60.26,BuildingA_Floor2,TypeC
1096,2025-04-07 18:16:24,25.91,77.92,BuildingB_Floor1,TypeC
1042,2025-04-10 19:53:31,15.27,36.44,BuildingA_Floor1,TypeB
1065,2025-04-08 22:04:30,25.46,42.06,BuildingA_Floor1,TypeC
1043,2025-04-07 08:26:07,25.91,58.28,BuildingA_Floor1,TypeA
1044,2025-04-09 04:23:52,18.44,70.09,BuildingA_Floor1,TypeB
1006,2025-04-11 02:07:22,34.52,66.58,BuildingB_Floor2,TypeB
1078,2025-04-10 19:16:23,18.76,44.66,BuildingB_Floor2,TypeB
1069,2025-04-08 05:04:03,21.52,51.27,BuildingB_Floor1,TypeB
1092,2025-04-11 02:23:02,33.33,54.2,BuildingA_Floor1,TypeC
1038,2025-04-10 04:36:13,18.22,51.92,BuildingA_Floor2,TypeB
1051,2025-04-11 03:55:56,30.75,45.99,BuildingA_Floor1,TypeB
1037,2025-04-11 18:59:00,30.99,57.47,BuildingA_Floor2,TypeB
1029,2025-04-11 05:26:42,32.56,56.22,BuildingB_Floor2,TypeC
1015,2025-04-07 09:50:18,29.41,69.02,BuildingA_Floor2,TypeC
1026,2025-04-08 12:57:50,17.4,61.78,BuildingB_Floor2,TypeA
1038,2025-04-07 13:45:25,15.01,49.11,BuildingA_Floor2,TypeB
1072,2025-04-08 03:54:56,23.02,67.58,BuildingB_Floor1,TypeC
1072,2025-04-07 17:25:56,33.51,46.35,BuildingB_Floor2,TypeA
1085,2025-04-10 23:35:24,15.81,60.63,BuildingA_Floor2,TypeB
1099,2025-04-09 12:13:10,26.91,35.65,BuildingA_Floor1,TypeC
1019,2025-04-08 14:25:49,29.42,42.01,BuildingB_Floor1,TypeB
1058,2025-04-10 08:00:11,27.66,31.5,BuildingB_Floor1,TypeC
1084,2025-04-10 22:09:14,17.51,35.12,BuildingA_Floor1,TypeA
1013,2025-04-11 17:18:59,33.91,70.16,BuildingA_Floor2,TypeC
1097,2025-04-11 23:32:54,32.86,70.6,BuildingB_Floor2,TypeC
1012,2025-04-09 04:15:12,27.85,67.03,BuildingB_Floor1,TypeB
1012,2025-04-10 07:15:35,29.12,76.53,BuildingA_Floor2,TypeC
1095,2025-04-08 00:06:39,31.99,48.77,BuildingB_Floor2,TypeA
1089,2025-04-11 09:44:24,31.74,54.0,BuildingB_Floor1,TypeB
1037,2025-04-08 15:16:58,24.38,38.68,BuildingA_Floor2,TypeC
1032,2025-04-10 08:42:04,19.39,39.49,BuildingB_Floor1,TypeA
1075,2025-04-08 13:40:09,26.27,50.4,BuildingB_Floor1,TypeC
1100,2025-04-10 17:29:45,31.3,59.54,BuildingB_Floor2,TypeA
1064,2025-04-08 01:06:41,23.89,47.06,BuildingA_Floor2,TypeA
1014,2025-04-10 16:23:46,18.93,52.55,BuildingA_Floor1,TypeB
1066,2025-04-11 16:44:21,30.96,71.56,BuildingA_Floor2,TypeC
1065,2025-04-12 01:04:01,20.5,76.9,BuildingB_Floor2,TypeC
1063,2025-04-10 23:22:10,16.06,37.45,BuildingB_Floor1,TypeC
1066,2025-04-07 17:18:40,26.29,79.03,BuildingB_Floor1,TypeC
1084,2025-04-11 11:05:11,20.63,31.86,BuildingB_Floor1,TypeB
1071,2025-04-07 17:44:59,34.33,31.42,BuildingB_Floor1,TypeC
1082,2025-04-10 05:32:47,26.22,32.8,BuildingA_Floor1,TypeA
1038,2025-04-09 04:50:49,32.99,37.32,BuildingA_Floor2,TypeB
1005,2025-04-10 08:47:28,15.48,33.97,BuildingA_Floor1,TypeB
1068,2025-04-11 10:16:41,27.6,34.17,BuildingA_Floor1,TypeA
1038,2025-04-10 08:53:48,30.19,37.14,BuildingA_Floor2,TypeA
1029,2025-04-09 21:26:34,27.59,77.51,BuildingA_Floor2,TypeB
1088,2025-04-07 12:00:44,19.54,60.76,BuildingA_Floor1,TypeB
1099,2025-04-09 01:12:00,16.39,34.73,BuildingB_Floor2,TypeC
1083,2025-04-08 20:55:53,21.07,52.79,BuildingB_Floor1,TypeB
1086,2025-04-11 13:01:18,18.53,66.7,BuildingA_Floor1,TypeA
1067,2025-04-10 16:44:37,22.44,65.02,BuildingA_Floor2,TypeC
1010,2025-04-11 21:43:03,33.98,71.22,BuildingA_Floor2,TypeA
1011,2025-04-10 14:55:30,34.71,67.2,BuildingA_Floor2,TypeB
1083,2025-04-08 17:58:00,20.71,79.99,BuildingA_Floor2,TypeA
1020,2025-04-11 18:19:52,27.61,49.32,BuildingB_Floor2,TypeA
1076,2025-04-09 19:23:42,28.17,54.48,BuildingB_Floor1,TypeB
1030,2025-04-08 18:59:04,34.55,52.87,BuildingB_Floor1,TypeB
1021,2025-04-07 22:27:23,24.16,79.36,BuildingB_Floor1,TypeA
1057,2025-04-11 07:32:33,15.31,40.61,BuildingA_Floor2,TypeB
1022,2025-04-08 18:57:29,24.78,72.42,BuildingA_Floor2,TypeB
1066,2025-04-08 08:42:20,34.47,33.13,BuildingB_Floor1,TypeC
1051,2025-04-08 06:17:38,18.76,34.47,BuildingA_Floor2,TypeA
1070,2025-04-07 21:09:38,15.16,53.28,BuildingB_Floor1,TypeA
1003,2025-04-10 10:36:52,23.1,36.99,BuildingA_Floor2,TypeC
1001,2025-04-08 15:59:58,15.69,63.61,BuildingB_Floor2,TypeA
1078,2025-04-09 06:12:20,23.71,57.62,BuildingB_Floor1,TypeB
1062,2025-04-10 23:23:15,29.56,31.42,BuildingB_Floor2,TypeA
1080,2025-04-10 11:32:36,19.64,34.23,BuildingA_Floor2,TypeA
1072,2025-04-08 17:02:02,25.2,46.23,BuildingB_Floor2,TypeC
1014,2025-04-11 11:36:35,33.42,69.52,BuildingA_Floor1,TypeA
1002,2025-04-07 13:57:46,15.98,70.08,BuildingA_Floor1,TypeB
1048,2025-04-11 10:22:40,32.46,77.8,BuildingA_Floor2,TypeC
1064,2025-04-07 11:42:28,26.02,72.57,BuildingB_Floor2,TypeC
1080,2025-04-08 15:56:11,24.49,52.73,BuildingA_Floor1,TypeC
1009,2025-04-10 19:52:03,16.69,30.28,BuildingA_Floor2,TypeA
1088,2025-04-11 23:25:38,34.17,63.05,BuildingA_Floor1,TypeA
1045,2025-04-09 16:02:05,23.51,39.72,BuildingA_Floor1,TypeB
1074,2025-04-09 00:47:36,32.8,72.6,BuildingB_Floor1,TypeC
1075,2025-04-09 20:40:45,30.19,78.86,BuildingA_Floor1,TypeC
1038,2025-04-09 12:56:04,18.57,49.74,BuildingA_Floor1,TypeB
1070,2025-04-11 18:36:40,26.51,72.65,BuildingB_Floor2,TypeC
1020,2025-04-07 17:49:52,34.25,65.82,BuildingB_Floor1,TypeA
1021,2025-04-09 10:11:33,24.39,49.92,BuildingA_Floor2,TypeA
1028,2025-04-11 09:49:40,19.22,43.51,BuildingA_Floor2,TypeB
1035,2025-04-07 23:41:07,18.93,72.36,BuildingB_Floor2,TypeA
1003,2025-04-09 00:29:57,30.62,69.37,BuildingA_Floor2,TypeC
1055,2025-04-08 02:11:21,20.43,74.63,BuildingA_Floor2,TypeA
1081,2025-04-10 04:39:15,23.9,30.68,BuildingA_Floor1,TypeA
1013,2025-04-08 06:05:09,18.17,37.09,BuildingB_Floor2,TypeB
1076,2025-04-09 20:18:07,16.99,71.16,BuildingB_Floor1,TypeC
1049,2025-04-07 19:30:10,33.03,44.23,BuildingB_Floor1,TypeB
1098,2025-04-10 03:32:08,19.4,55.7,BuildingB_Floor1,TypeC
1004,2025-04-10 16:19:09,17.72,44.07,BuildingB_Floor1,TypeB
1058,2025-04-10 01:21:50,27.29,34.5,BuildingB_Floor1,TypeA
1062,2025-04-07 21:52:07,24.07,33.1,BuildingA_Floor2,TypeB
1012,2025-04-10 00:13:39,30.78,76.05,BuildingB_Floor2,TypeA
1061,2025-04-11 20:39:29,20.22,62.97,BuildingB_Floor2,TypeB
1024,2025-04-08 01:08:23,21.29,72.83,BuildingB_Floor2,TypeA
1024,2025-04-11 06:17:41,26.35,56.91,BuildingA_Floor2,TypeC
1091,2025-04-08 07:45:56,23.55,49.85,BuildingA_Floor2,TypeB
1063,2025-04-10 14:04:01,24.21,77.06,BuildingA_Floor2,TypeA
1023,2025-04-09 08:14:57,33.01,33.01,BuildingA_Floor2,TypeB
1083,2025-04-09 11:28:14,28.03,42.01,BuildingB_Floor2,TypeB
1073,2025-04-10 13:17:46,33.88,41.83,BuildingB_Floor1,TypeB
1080,2025-04-10 05:14:55,26.3,48.73,BuildingB_Floor2,TypeB
1054,2025-04-07 06:11:31,31.16,41.03,BuildingB_Floor1,TypeB
1067,2025-04-07 13:34:46,21.52,34.49,BuildingA_Floor2,TypeB
1000,2025-04-10 16:14:32,30.32,59.69,BuildingB_Floor2,TypeC
1028,2025-04-11 04:53:42,22.41,46.95,BuildingA_Floor2,TypeA
1093,2025-04-08 08:51:34,25.75,65.23,BuildingA_Floor2,TypeB
1012,2025-04-10 20:54:52,15.14,73.56,BuildingB_Floor2,TypeA
1006,2025-04-11 09:21:10,26.8,60.71,BuildingB_Floor1,TypeC
1024,2025-04-07 03:44:51,31.83,56.57,BuildingB_Floor2,TypeC
1085,2025-04-11 08:25:45,30.2,42.69,BuildingB_Floor2,TypeB
1051,2025-04-10 01:47:22,15.97,34.08,BuildingB_Floor1,TypeA
1063,2025-04-11 22:55:06,26.79,56.03,BuildingA_Floor2,TypeB
1038,2025-04-09 02:37:49,25.18,73.63,BuildingA_Floor1,TypeC
1086,2025-04-11 01:20:04,20.41,51.09,BuildingB_Floor2,TypeB
1088,2025-04-08 13:57:23,24.98,54.63,BuildingA_Floor1,TypeC
1080,2025-04-11 08:12:16,29.24,60.13,BuildingA_Floor1,TypeA
1072,2025-04-10 08:09:43,24.59,42.07,BuildingB_Floor1,TypeB
1034,2025-04-07 23:33:41,24.15,79.48,BuildingA_Floor1,TypeB
1095,2025-04-09 21:48:13,32.99,44.26,BuildingA_Floor1,TypeA
1097,2025-04-07 16:56:10,19.03,73.87,BuildingA_Floor1,TypeC
1022,2025-04-10 16:31:47,15.58,60.65,BuildingB_Floor1,TypeB
1067,2025-04-09 15:38:13,26.57,57.24,BuildingB_Floor1,TypeC
1077,2025-04-09 23:04:11,20.11,59.05,BuildingA_Floor1,TypeC
1007,2025-04-09 20:31:40,22.53,45.47,BuildingB_Floor2,TypeB
1004,2025-04-11 00:21:44,27.89,39.98,BuildingA_Floor2,TypeB
1073,2025-04-10 06:55:19,30.7,65.97,BuildingB_Floor2,TypeA
1048,2025-04-09 17:37:40,32.81,48.98,BuildingA_Floor1,TypeA
1080,2025-04-09 03:50:00,31.27,51.3,BuildingB_Floor2,TypeC
1061,2025-04-08 13:04:29,19.97,68.81,BuildingA_Floor1,TypeC
1067,2025-04-07 08:10:59,23.35,51.22,BuildingA_Floor1,TypeC
1033,2025-04-08 12:27:36,34.15,76.64,BuildingA_Floor1,TypeC
1097,2025-04-09 22:16:51,29.36,76.27,BuildingA_Floor1,TypeA
1078,2025-04-07 19:00:40,24.77,59.09,BuildingA_Floor1,TypeB
1016,2025-04-09 07:32:49,25.55,49.79,BuildingA_Floor2,TypeB
1071,2025-04-10 21:22:55,19.44,47.41,BuildingB_Floor1,TypeA
1022,2025-04-11 22:45:37,22.95,57.38,BuildingB_Floor2,TypeA
1027,2025-04-09 09:37:25,20.94,52.85,BuildingA_Floor2,TypeB
1085,2025-04-07 21:51:41,29.73,41.44,BuildingB_Floor2,TypeB
1063,2025-04-07 20:18:48,32.29,31.18,BuildingA_Floor2,TypeA
1006,2025-04-09 15:27:26,33.02,52.74,BuildingA_Floor1,TypeC
1042,2025-04-10 18:05:42,23.99,69.69,BuildingA_Floor1,TypeB
1047,2025-04-10 22:00:23,15.32,30.45,BuildingA_Floor2,TypeA
1012,2025-04-08 18:18:32,31.52,61.6,BuildingB_Floor1,TypeB
1082,2025-04-08 03:31:37,23.69,46.68,BuildingB_Floor1,TypeC
1057,2025-04-09 14:41:58,23.34,73.71,BuildingA_Floor1,TypeA
1042,2025-04-08 09:08:41,20.62,34.42,BuildingA_Floor2,TypeC
1023,2025-04-11 03:15:49,21.45,37.9,BuildingA_Floor2,TypeC
1092,2025-04-08 09:20:19,28.57,58.36,BuildingB_Floor2,TypeC
1016,2025-04-08 05:51:37,26.12,36.95,BuildingB_Floor1,TypeB
1050,2025-04-08 12:02:02,20.24,38.53,BuildingB_Floor1,TypeC
1022,2025-04-07 20:29:42,24.99,70.04,BuildingB_Floor2,TypeC
1039,2025-04-07 04:27:28,28.53,44.01,BuildingA_Floor1,TypeC
1044,2025-04-09 06:24:03,29.34,71.81,BuildingB_Floor1,TypeC
1033,2025-04-09 02:19:48,17.35,65.35,BuildingA_Floor2,TypeB
1009,2025-04-09 21:16:59,18.24,71.24,BuildingB_Floor1,TypeC
1007,2025-04-11 05:49:57,34.18,74.48,BuildingA_Floor2,TypeC
1001,2025-04-08 16:51:48,15.88,46.75,BuildingA_Floor1,TypeA
1048,2025-04-09 07:13:35,16.27,51.88,BuildingA_Floor1,TypeA
1068,2025-04-07 15:06:08,34.27,35.97,BuildingA_Floor1,TypeA
1088,2025-04-08 06:52:52,34.36,76.58,BuildingB_Floor2,TypeA
1080,2025-04-11 10:34:10,32.75,61.46,BuildingA_Floor1,TypeC
1091,2025-04-08 15:19:45,26.54,55.55,BuildingB_Floor2,TypeB
1009,2025-04-07 10:39:12,25.5,49.37,BuildingA_Floor1,TypeC
1054,2025-04-09 03:25:31,33.58,52.33,BuildingB_Floor2,TypeC
1092,2025-04-10 10:45:34,28.18,44.1,BuildingA_Floor1,TypeB
1054,2025-04-10 06:16:00,25.97,35.84,BuildingB_Floor2,TypeA
1075,2025-04-10 12:50:08,16.92,47.63,BuildingB_Floor1,TypeC
1037,2025-04-08 11:30:19,19.74,49.15,BuildingB_Floor2,TypeB
1010,2025-04-07 06:58:58,34.24,49.7,BuildingB_Floor2,TypeB
1082,2025-04-10 22:56:34,27.82,34.82,BuildingA_Floor1,TypeC
1033,2025-04-08 14:39:18,30.84,70.21,BuildingB_Floor1,TypeC
1046,2025-04-07 18:32:37,33.11,75.21,BuildingA_Floor1,TypeA
1077,2025-04-09 02:16:34,24.04,64.54,BuildingA_Floor1,TypeB
1018,2025-04-10 21:56:06,29.7,62.21,BuildingA_Floor2,TypeA
1000,2025-04-10 07:02:06,15.11,36.44,BuildingA_Floor1,TypeB
1067,2025-04-10 06:59:40,28.28,70.5,BuildingA_Floor2,TypeC
1042,2025-04-09 07:12:38,16.46,34.39,BuildingA_Floor2,TypeA
1022,2025-04-08 02:17:35,17.01,78.28,BuildingB_Floor2,TypeA
1060,2025-04-07 10:37:22,19.22,44.18,BuildingB_Floor2,TypeA
1027,2025-04-08 10:42:20,25.46,31.78,BuildingB_Floor1,TypeA
1025,2025-04-09 08:40:14,32.98,55.7,BuildingB_Floor2,TypeB
1063,2025-04-10 22:43:14,28.27,73.02,BuildingA_Floor2,TypeB
1052,2025-04-10 02:31:53,16.5,41.39,BuildingA_Floor2,TypeC
1070,2025-04-08 04:50:09,24.33,59.26,BuildingB_Floor1,TypeB
1018,2025-04-08 11:27:48,20.73,58.35,BuildingB_Floor1,TypeC
1016,2025-04-10 02:32:28,17.12,55.09,BuildingA_Floor1,TypeB
1083,2025-04-12 00:29:09,26.24,70.79,BuildingB_Floor2,TypeC
1035,2025-04-08 23:59:36,29.42,67.1,BuildingA_Floor2,TypeC
1081,2025-04-11 14:04:45,19.87,41.4,BuildingA_Floor1,TypeB
1043,2025-04-10 17:30:28,21.69,38.6,BuildingA_Floor1,TypeB
1010,2025-04-07 17:49:07,26.08,59.45,BuildingA_Floor2,TypeC
1031,2025-04-08 04:05:16,30.78,69.55,BuildingB_Floor2,TypeC
1078,2025-04-07 23:06:59,32.46,49.11,BuildingB_Floor1,TypeC
1013,2025-04-08 07:33:26,23.35,48.87,BuildingB_Floor1,TypeC
1068,2025-04-07 04:27:34,32.06,66.44,BuildingB_Floor1,TypeC
1042,2025-04-11 06:06:01,31.57,64.23,BuildingB_Floor2,TypeA
1052,2025-04-11 08:51:03,32.03,64.25,BuildingB_Floor2,TypeA
1073,2025-04-11 07:04:57,33.71,68.94,BuildingB_Floor2,TypeA
1072,2025-04-11 20:36:45,30.3,34.02,BuildingB_Floor1,TypeC
1060,2025-04-11 22:07:16,23.16,73.68,BuildingA_Floor2,TypeC
1072,2025-04-07 17:40:58,23.12,61.16,BuildingB_Floor2,TypeC
1078,2025-04-09 19:05:07,27.7,31.07,BuildingB_Floor1,TypeB
1054,2025-04-12 02:32:31,30.58,67.08,BuildingB_Floor1,TypeC
1098,2025-04-10 18:44:39,33.23,74.0,BuildingA_Floor2,TypeA
1046,2025-04-09 23:13:52,24.89,69.71,BuildingB_Floor2,TypeB
1073,2025-04-11 17:52:59,34.71,39.18,BuildingB_Floor2,TypeB
1006,2025-04-09 13:47:39,17.92,60.69,BuildingA_Floor2,TypeC
1052,2025-04-10 20:39:33,20.07,77.44,BuildingA_Floor1,TypeB
1047,2025-04-11 17:41:51,29.45,76.14,BuildingB_Floor1,TypeA
1035,2025-04-09 18:35:17,21.93,35.38,BuildingB_Floor1,TypeC
1016,2025-04-11 08:14:25,34.54,79.49,BuildingB_Floor2,TypeB
1027,2025-04-08 08:56:46,15.7,48.39,BuildingA_Floor2,TypeB
1032,2025-04-09 22:29:42,23.3,32.78,BuildingB_Floor1,TypeA
1060,2025-04-08 16:03:25,32.51,48.07,BuildingB_Floor1,TypeA
1086,2025-04-10 05:29:42,15.06,56.41,BuildingB_Floor1,TypeB
1004,2025-04-09 10:52:53,15.1,49.26,BuildingA_Floor1,TypeB
1098,2025-04-11 14:58:08,29.2,60.27,BuildingA_Floor1,TypeA
1048,2025-04-09 01:04:42,20.13,79.01,BuildingA_Floor1,TypeA
1040,2025-04-09 00:41:46,29.63,72.81,BuildingA_Floor1,TypeC
1061,2025-04-10 00:07:24,34.1,41.8,BuildingB_Floor1,TypeA
1013,2025-04-10 17:13:53,20.3,40.47,BuildingA_Floor2,TypeB
1050,2025-04-11 04:05:20,22.9,46.82,BuildingA_Floor2,TypeC
1015,2025-04-11 12:43:34,32.9,54.58,BuildingA_Floor1,TypeA
1020,2025-04-09 21:58:20,32.27,49.55,BuildingB_Floor1,TypeC
1069,2025-04-07 02:48:16,32.13,33.56,BuildingB_Floor2,TypeB
1001,2025-04-09 02:19:15,25.4,48.42,BuildingB_Floor2,TypeA
1065,2025-04-09 18:58:53,17.37,52.11,BuildingA_Floor2,TypeA
1040,2025-04-10 22:15:46,28.32,40.71,BuildingA_Floor1,TypeB
1080,2025-04-09 05:29:16,30.15,64.22,BuildingA_Floor1,TypeB
1082,2025-04-11 02:25:57,30.1,52.76,BuildingA_Floor1,TypeA
1088,2025-04-10 07:06:57,24.44,71.57,BuildingB_Floor1,TypeC
1079,2025-04-11 21:39:50,29.21,62.19,BuildingB_Floor1,TypeB
1030,2025-04-07 02:51:29,16.88,65.23,BuildingB_Floor1,TypeC
1098,2025-04-07 15:38:31,15.5,33.83,BuildingA_Floor1,TypeA
1041,2025-04-09 11:44:02,34.41,35.15,BuildingA_Floor2,TypeB
1036,2025-04-08 23:52:39,17.77,46.94,BuildingA_Floor1,TypeA
1058,2025-04-08 18:37:35,28.76,66.45,BuildingB_Floor2,TypeA
1051,2025-04-09 15:53:02,18.28,64.34,BuildingA_Floor2,TypeA
1017,2025-04-10 16:46:00,17.62,33.4,BuildingA_Floor1,TypeB
1056,2025-04-11 17:42:26,27.34,41.64,BuildingA_Floor1,TypeB
1089,2025-04-07 15:08:34,28.41,50.27,BuildingB_Floor1,TypeB
1038,2025-04-08 04:37:56,16.1,47.79,BuildingB_Floor2,TypeB
1033,2025-04-08 11:16:19,19.99,58.21,BuildingA_Floor2,TypeA
1007,2025-04-07 07:32:12,34.37,71.79,BuildingB_Floor2,TypeB
1048,2025-04-09 19:48:17,31.97,45.11,BuildingA_Floor2,TypeC
1068,2025-04-09 22:28:20,24.18,69.32,BuildingA_Floor2,TypeA
1070,2025-04-07 22:25:16,18.96,48.72,BuildingA_Floor2,TypeA
1014,2025-04-08 21:38:46,24.23,37.47,BuildingB_Floor1,TypeB
1029,2025-04-08 06:46:47,24.9,59.83,BuildingB_Floor2,TypeC
1006,2025-04-10 17:11:27,21.85,74.19,BuildingA_Floor2,TypeB
1090,2025-04-11 18:36:59,21.12,46.28,BuildingA_Floor2,TypeA
1070,2025-04-10 10:18:53,17.48,76.65,BuildingA_Floor2,TypeB
1036,2025-04-10 07:26:15,20.25,34.27,BuildingA_Floor1,TypeB
1059,2025-04-08 21:22:08,18.96,56.45,BuildingA_Floor2,TypeC
1059,2025-04-08 19:57:09,22.26,33.54,BuildingB_Floor2,TypeB
1086,2025-04-07 15:29:07,24.89,75.83,BuildingA_Floor1,TypeA
1023,2025-04-09 14:14:15,33.66,31.55,BuildingB_Floor1,TypeB
1022,2025-04-07 16:29:38,25.42,41.07,BuildingA_Floor1,TypeA
1002,2025-04-11 15:53:09,31.46,54.37,BuildingB_Floor2,TypeB
1087,2025-04-07 04:54:35,29.3,33.15,BuildingB_Floor2,TypeC
1070,2025-04-08 00:55:17,32.26,36.28,BuildingB_Floor1,TypeB
1048,2025-04-11 14:47:59,30.93,79.72,BuildingA_Floor1,TypeC
1011,2025-04-08 20:06:39,20.41,74.45,BuildingA_Floor2,TypeA
1038,2025-04-08 06:47:50,28.28,50.25,BuildingA_Floor1,TypeC
1053,2025-04-07 21:19:34,28.43,33.42,BuildingB_Floor1,TypeC
1080,2025-04-10 09:14:23,18.35,61.29,BuildingA_Floor2,TypeB
1082,2025-04-11 02:01:20,16.4,56.16,BuildingB_Floor1,TypeC
1052,2025-04-07 05:20:05,17.04,38.58,BuildingA_Floor1,TypeB
1022,2025-04-07 06:04:55,23.31,58.34,BuildingA_Floor1,TypeA
1030,2025-04-08 08:14:27,34.18,71.52,BuildingB_Floor2,TypeA
1002,2025-04-07 05:51:44,28.97,66.54,BuildingA_Floor2,TypeB
1072,2025-04-08 02:53:15,23.69,67.23,BuildingB_Floor1,TypeB
1042,2025-04-09 20:56:07,22.14,39.04,BuildingB_Floor2,TypeA
1078,2025-04-08 10:55:05,32.79,71.45,BuildingB_Floor2,TypeB
1069,2025-04-08 05:43:06,28.16,71.59,BuildingA_Floor1,TypeC
1100,2025-04-09 08:06:07,19.31,39.91,BuildingB_Floor1,TypeB
1049,2025-04-11 11:14:59,27.77,51.04,BuildingB_Floor1,TypeB
1075,2025-04-08 03:03:34,31.32,63.62,BuildingA_Floor1,TypeC
1032,2025-04-07 16:42:16,29.96,38.63,BuildingA_Floor2,TypeC
1022,2025-04-11 14:05:46,27.99,49.12,BuildingA_Floor2,TypeA
1011,2025-04-09 13:35:08,33.02,61.09,BuildingA_Floor2,TypeC
1008,2025-04-11 18:58:37,19.21,45.68,BuildingA_Floor1,TypeB
1015,2025-04-08 21:31:52,34.47,54.63,BuildingB_Floor2,TypeB
1081,2025-04-11 05:42:39,23.68,54.52,BuildingB_Floor1,TypeC
1051,2025-04-12 00:13:54,27.34,56.45,BuildingB_Floor2,TypeB
1099,2025-04-09 05:41:45,31.12,43.04,BuildingA_Floor2,TypeB
1050,2025-04-09 23:01:51,30.05,57.55,BuildingB_Floor1,TypeC
1028,2025-04-07 14:18:37,31.49,47.94,BuildingB_Floor2,TypeA
1018,2025-04-08 14:53:46,32.92,63.53,BuildingA_Floor2,TypeA
1054,2025-04-10 00:27:59,16.9,77.11,BuildingB_Floor2,TypeC
1033,2025-04-10 09:03:46,19.32,64.53,BuildingB_Floor1,TypeA
1024,2025-04-07 17:30:29,16.98,63.99,BuildingB_Floor2,TypeB
1033,2025-04-11 19:59:24,21.41,45.29,BuildingA_Floor2,TypeA
1006,2025-04-08 00:54:05,34.15,48.23,BuildingB_Floor2,TypeA
1090,2025-04-09 19:52:40,34.14,53.94,BuildingB_Floor1,TypeC
1053,2025-04-11 03:15:44,29.83,61.81,BuildingB_Floor1,TypeB
1007,2025-04-11 06:35:46,23.04,39.42,BuildingB_Floor2,TypeC
1086,2025-04-07 05:09:24,17.47,74.58,BuildingB_Floor2,TypeC
1085,2025-04-11 10:50:08,17.22,70.09,BuildingB_Floor2,TypeA
1067,2025-04-10 12:47:25,34.34,70.95,BuildingA_Floor1,TypeB
1030,2025-04-08 16:02:35,21.97,35.11,BuildingA_Floor1,TypeC
1031,2025-04-09 06:40:40,31.5,52.27,BuildingB_Floor1,TypeB
1038,2025-04-07 20:13:06,19.22,51.51,BuildingB_Floor2,TypeB
1056,2025-04-08 04:11:17,18.48,49.99,BuildingB_Floor2,TypeA
1081,2025-04-11 04:51:43,24.89,40.27,BuildingB_Floor1,TypeB
1078,2025-04-09 15:38:38,32.83,71.86,BuildingB_Floor2,TypeA
1079,2025-04-09 19:00:08,23.1,31.66,BuildingB_Floor1,TypeA
1009,2025-04-09 10:13:01,23.41,39.81,BuildingB_Floor2,TypeC
1002,2025-04-09 05:36:40,28.4,69.21,BuildingB_Floor2,TypeC
1045,2025-04-08 16:47:40,19.09,48.72,BuildingA_Floor2,TypeB
1006,2025-04-07 16:31:36,30.99,32.06,BuildingB_Floor2,TypeC
1033,2025-04-08 00:04:27,18.44,35.18,BuildingA_Floor1,TypeC
1022,2025-04-07 14:20:41,26.48,62.76,BuildingA_Floor1,TypeA
1009,2025-04-10 09:48:49,32.35,73.38,BuildingB_Floor2,TypeC
1045,2025-04-11 15:03:33,24.32,36.62,BuildingA_Floor2,TypeC
1081,2025-04-08 16:28:04,19.34,67.94,BuildingA_Floor2,TypeB
1100,2025-04-09 06:07:06,33.71,34.71,BuildingA_Floor1,TypeC
1009,2025-04-07 09:46:56,32.27,61.53,BuildingB_Floor2,TypeB
1092,2025-04-11 08:35:17,30.16,40.97,BuildingA_Floor1,TypeB
1088,2025-04-07 21:41:12,25.1,55.71,BuildingB_Floor2,TypeC
1052,2025-04-09 03:22:42,16.26,73.87,BuildingB_Floor1,TypeC
1019,2025-04-09 03:58:10,27.83,45.16,BuildingA_Floor1,TypeB
1090,2025-04-11 01:22:44,28.75,79.33,BuildingB_Floor2,TypeC
1011,2025-04-07 04:05:09,32.3,73.4,BuildingA_Floor1,TypeC
1062,2025-04-07 21:07:12,22.69,59.18,BuildingB_Floor1,TypeC
1026,2025-04-07 04:31:25,33.59,31.06,BuildingB_Floor2,TypeB
1037,2025-04-07 09:29:58,29.22,72.26,BuildingB_Floor2,TypeC
1080,2025-04-08 21:46:37,20.2,60.9,BuildingB_Floor2,TypeA
1004,2025-04-09 11:14:37,24.31,54.75,BuildingA_Floor1,TypeB
1044,2025-04-09 08:50:48,16.16,33.56,BuildingA_Floor2,TypeB
1080,2025-04-07 03:58:53,28.81,34.35,BuildingA_Floor2,TypeC
1046,2025-04-08 21:38:22,27.55,33.1,BuildingA_Floor1,TypeC
1027,2025-04-07 14:31:15,33.1,48.01,BuildingB_Floor2,TypeC
1067,2025-04-08 03:18:34,28.86,64.58,BuildingA_Floor1,TypeA
1018,2025-04-11 00:40:33,15.98,59.97,BuildingA_Floor1,TypeA
1072,2025-04-07 20:13:37,27.33,62.32,BuildingB_Floor1,TypeA
1071,2025-04-07 20:12:33,21.05,71.96,BuildingB_Floor1,TypeA
1072,2025-04-08 12:34:38,17.38,36.1,BuildingA_Floor2,TypeC
1093,2025-04-07 09:21:38,16.73,31.72,BuildingA_Floor1,TypeA
1088,2025-04-08 18:48:55,33.64,74.83,BuildingA_Floor1,TypeA
1040,2025-04-07 19:24:26,25.41,63.49,BuildingB_Floor1,TypeA
1063,2025-04-11 13:45:36,15.31,69.3,BuildingB_Floor1,TypeA
1031,2025-04-11 17:14:56,24.3,32.65,BuildingA_Floor1,TypeA
1012,2025-04-07 08:34:48,27.98,30.17,BuildingB_Floor1,TypeB
1054,2025-04-07 10:35:53,34.16,32.82,BuildingA_Floor1,TypeA
1092,2025-04-11 01:53:41,17.29,59.86,BuildingA_Floor1,TypeA
1099,2025-04-07 19:11:16,15.34,74.01,BuildingA_Floor1,TypeC
1007,2025-04-07 14:20:12,24.64,58.92,BuildingA_Floor2,TypeA
1029,2025-04-10 05:45:14,31.04,33.43,BuildingA_Floor2,TypeB
1061,2025-04-08 02:10:11,18.3,55.81,BuildingB_Floor2,TypeA
1079,2025-04-10 20:59:13,28.94,45.5,BuildingA_Floor1,TypeB
1086,2025-04-11 11:07:08,29.78,63.12,BuildingB_Floor1,TypeA
1098,2025-04-08 09:37:27,20.4,77.54,BuildingA_Floor1,TypeC
1057,2025-04-07 16:29:09,30.43,60.13,BuildingA_Floor2,TypeB
1054,2025-04-09 21:42:51,27.84,70.47,BuildingB_Floor1,TypeB
1089,2025-04-10 15:50:57,26.34,65.27,BuildingB_Floor2,TypeB
1027,2025-04-10 00:41:20,16.5,54.88,BuildingA_Floor1,TypeA
1004,2025-04-08 08:09:21,33.11,30.33,BuildingB_Floor2,TypeC
1039,2025-04-11 09:07:06,18.02,69.67,BuildingA_Floor2,TypeB
1072,2025-04-07 22:02:21,16.55,64.48,BuildingA_Floor2,TypeB
1027,2025-04-11 01:54:17,33.97,36.66,BuildingA_Floor2,TypeC
1009,2025-04-07 18:57:20,32.1,56.61,BuildingB_Floor1,TypeA
1028,2025-04-08 15:25:00,19.45,63.68,BuildingA_Floor2,TypeB
1001,2025-04-09 16:32:41,24.52,37.36,BuildingB_Floor2,TypeA
1017,2025-04-11 19:13:22,27.17,50.81,BuildingA_Floor1,TypeC
1091,2025-04-08 03:12:57,16.76,44.96,BuildingB_Floor1,TypeB
1077,2025-04-10 06:18:12,29.63,54.54,BuildingB_Floor1,TypeC
1032,2025-04-10 19:16:12,17.29,40.28,BuildingB_Floor2,TypeB
1093,2025-04-07 12:40:09,23.4,47.75,BuildingA_Floor1,TypeC
1074,2025-04-10 01:42:03,25.83,32.9,BuildingB_Floor1,TypeA
1011,2025-04-11 20:20:15,23.91,31.53,BuildingB_Floor1,TypeB
1020,2025-04-09 14:40:30,30.63,74.22,BuildingA_Floor1,TypeC
1029,2025-04-10 09:24:30,24.67,52.38,BuildingB_Floor1,TypeC
1013,2025-04-11 11:12:58,16.43,38.44,BuildingA_Floor1,TypeB
1041,2025-04-07 09:48:14,28.8,66.02,BuildingA_Floor2,TypeC
1026,2025-04-11 05:23:17,27.36,40.89,BuildingA_Floor1,TypeB
1091,2025-04-07 13:25:09,17.93,58.83,BuildingB_Floor1,TypeB
1051,2025-04-11 02:28:52,20.17,56.62,BuildingB_Floor1,TypeA
1000,2025-04-10 19:13:28,29.16,50.24,BuildingB_Floor1,TypeA
1054,2025-04-07 22:15:47,17.07,73.6,BuildingA_Floor2,TypeA
1078,2025-04-09 13:49:41,18.69,56.75,BuildingA_Floor1,TypeA
1061,2025-04-10 22:27:17,29.54,79.28,BuildingA_Floor1,TypeB
1018,2025-04-09 04:55:29,29.53,47.03,BuildingA_Floor2,TypeB
1044,2025-04-09 21:48:21,34.77,32.5,BuildingB_Floor2,TypeB
1008,2025-04-07 14:32:55,33.2,54.33,BuildingA_Floor1,TypeA
1059,2025-04-09 08:15:50,22.59,68.5,BuildingA_Floor2,TypeC
1090,2025-04-07 11:10:43,21.47,37.01,BuildingA_Floor1,TypeA
1077,2025-04-09 01:52:42,23.62,74.6,BuildingA_Floor2,TypeA
1054,2025-04-09 09:31:51,23.69,60.96,BuildingB_Floor2,TypeC
1077,2025-04-10 20:41:06,16.07,61.24,BuildingB_Floor2,TypeB
1054,2025-04-07 07:28:48,32.87,72.55,BuildingA_Floor1,TypeC
1018,2025-04-07 14:18:19,16.28,64.33,BuildingA_Floor2,TypeA
1017,2025-04-09 07:53:22,25.8,75.07,BuildingA_Floor2,TypeB
1022,2025-04-08 07:16:03,19.78,41.64,BuildingB_Floor2,TypeC
1019,2025-04-08 08:54:47,32.15,43.09,BuildingA_Floor1,TypeA
1073,2025-04-07 21:51:36,17.74,37.05,BuildingB_Floor1,TypeA
1076,2025-04-07 10:56:19,32.6,66.43,BuildingB_Floor1,TypeC
1014,2025-04-08 22:18:31,24.62,75.7,BuildingB_Floor1,TypeB
1081,2025-04-09 07:20:58,30.51,60.39,BuildingA_Floor2,TypeA
1008,2025-04-08 20:29:36,20.41,72.1,BuildingA_Floor2,TypeC
1076,2025-04-10 07:10:35,26.93,53.1,BuildingB_Floor1,TypeC
1048,2025-04-08 21:02:17,26.56,55.55,BuildingB_Floor1,TypeC
1052,2025-04-09 08:11:18,25.98,60.24,BuildingA_Floor1,TypeA
1050,2025-04-09 19:25:08,28.61,52.66,BuildingB_Floor1,TypeC
1090,2025-04-11 03:34:53,23.08,56.69,BuildingA_Floor1,TypeA
1043,2025-04-10 02:32:30,32.01,54.79,BuildingB_Floor1,TypeA
1027,2025-04-09 07:29:29,15.79,73.19,BuildingA_Floor1,TypeB
1069,2025-04-12 00:27:27,32.39,70.31,BuildingB_Floor1,TypeA
1065,2025-04-11 07:46:07,17.25,67.81,BuildingA_Floor2,TypeC
1070,2025-04-07 05:47:10,21.6,72.8,BuildingA_Floor1,TypeB
1071,2025-04-10 15:40:11,34.61,57.11,BuildingB_Floor2,TypeB
1027,2025-04-08 07:31:20,17.01,31.25,BuildingB_Floor1,TypeB
1020,2025-04-08 20:15:21,27.03,66.1,BuildingB_Floor2,TypeA
1066,2025-04-10 21:40:55,33.31,49.42,BuildingB_Floor1,TypeA
1010,2025-04-10 17:47:32,30.92,33.87,BuildingB_Floor1,TypeB
1057,2025-04-09 16:55:33,17.98,74.55,BuildingB_Floor1,TypeC
1033,2025-04-10 22:53:26,17.98,48.11,BuildingA_Floor1,TypeA
1082,2025-04-10 19:44:19,33.86,42.14,BuildingA_Floor2,TypeA
1016,2025-04-11 06:22:38,31.7,79.59,BuildingA_Floor1,TypeB
1068,2025-04-07 15:36:51,29.1,31.15,BuildingB_Floor1,TypeC
1074,2025-04-10 08:51:23,34.24,43.1,BuildingA_Floor1,TypeA
1069,2025-04-10 13:11:13,19.4,77.02,BuildingB_Floor1,TypeA
